{
  "mean": [
    0.0,
    910.0255126953125,
    1.5708006620407104,
    3.159492254257202,
    1.0647135972976685,
    0.0,
    0.0,
    0.0,
    5.045187950134277,
    27.415462493896484
  ],
  "std": [
    1.0,
    882.5232543945312,
    4.291534423828125e-06,
    1.820953130722046,
    0.055145204067230225,
    1.0,
    1.0,
    1.0,
    2.8703179359436035,
    12.911510467529297
  ],
  "output_mean": [
    5.371243953704834,
    910.0213012695312,
    1.5708006620407104,
    3.159492254257202
  ],
  "output_std": [
    3.0746684074401855,
    882.5267944335938,
    4.291534423828125e-06,
    1.820953130722046
  ],
  "input_dim": 10
}